expanded_nodes,optimal_solution_length,time,heuristic_avg_value,heuristic_root_value
88288,22,0.0611228,13.692,12
100586,23,0.0608165,13.9479,15
14522,17,0.00695721,13.5465,13
